First Name,Last Name, Status Code
Sallie,Gaw,200
Standford,Semour,200
Arliene,Dunnett,200
Archibaldo,Goldberg,200
Fania,Rewan,200
Marna,Breen,200
Goldie,Garland,200
Mame,Kenworth,200
Demetris,Golby,200
Gratia,Mahedy,200
Dud,Ishak,200
West,Douberday,200
Traver,Sutheran,200
Ade,O' Timony,200
Ram,Picknett,200
Moss,Doret,200
Arlena,Armytage,200
Ianthe,Hamlen,200
Joletta,O'Keefe,200
Brianna,Benez,200
Jolyn,Bragg,200
Hillary,Whittle,200
Anabal,Bick,200
Kristal,Herche,200
Maye,Peetermann,200
Wolfgang,Oakes,200
Christie,Fleischer,200
Winthrop,Hamm,200
Cedric,Thring,200
Lenci,Skipsey,200
Belle,De Biasi,200
Bing,Filov,200
Marion,Northridge,200
Babs,Orridge,200
Thelma,Hoodlass,200
Othello,Sperrett,200
Noelani,Baggally,200
Barbara,Coleyshaw,200
Cherrita,Dyers,200
Lauree,Welbelove,200
Allissa,Kensall,200
Ingaberg,Laba,200
Glory,Babalola,200
Yorke,Hemms,200
Haskel,Najara,200
Lennie,Portress,200
Fabian,Goodoune,200
Valentin,Lambarton,200
Colas,Abrahamsen,200
Christabella,O'Scully,200
Bev,Bolino,200
Alf,Hacquoil,200
Clemens,Gallager,200
Ugo,Coom,200
Arthur,Ruggiero,200
Rockey,Kindall,200
Rurik,Farrear,200
Nichole,Dillow,200
Jorge,Brydie,200
Albrecht,Defries,200
Constanta,Comiam,200
Keefer,Caddie,200
Nikita,Rennolds,200
Tait,O' Culligan,200
Shepherd,Doud,200
May,Tellwright,200
Bret,Vallens,200
Gertrudis,Creavan,200
Gilberte,Hedgeman,200
Ezra,Kares,200
Bennie,Trinke,200
Cristian,Mackleden,200
Rufus,Santello,200
Smith,Songust,200
Jeni,Rodger,200
Burty,Cutbirth,200
Jarib,Ankers,200
Norris,Millson,200
Mabel,Ferrarone,200
Alvin,Larmour,200
Murvyn,Longstaff,200
Ewan,Crosland,200
Jacynth,Weond,200
Genni,Butt Gow,200
Ardelis,Loyley,200
Sholom,Furtado,200
Hedwig,Linn,200
Rutherford,Blacksell,200
Rice,Scrinage,200
Kerry,Kleynen,200
Elysia,Frewer,200
Durand,Perell,200
Oberon,Worswick,200
Vivyanne,Ashmore,200
Birk,Alves,200
Eugene,Moyles,200
Stormi,Crowley,200
Daria,Zielinski,200
Cooper,Fanthome,200
Bobbe,O'Moylane,200
Deny,Frisel,200
Julee,Chaff,200
Georgie,Eakly,200
Euell,Snoddy,200
Daffie,Jarrold,200
Kimball,Manie,200
Greta,Haigh,200
Martin,Ridesdale,200
Curcio,Pitherick,200
Sherwynd,Slimings,200
Seumas,Suarez,200
Sisile,Louis,200
Kilian,Pittam,200
Aksel,Hortop,200
Lauren,Eliesco,200
Karoline,Hourston,200
Selby,Caveney,200
Valentijn,O'Hollegan,200
Erinna,Raeside,200
Aili,Saiger,200
Chrotoem,de Chastelain,200
Adella,MacCall,200
Leroi,Paulucci,200
Audrie,Barnhill,200
Oswald,Domenget,200
Hagen,Blackston,200
Morris,Ducarne,200
Aarika,Buddle,200
Carolann,Bramwell,200
Marcela,Spencers,200
Dulcine,Honatsch,200
Fons,O'Malley,200
Dimitri,Rasor,200
Frances,Goady,200
Lewie,Harness,200
Arluene,Scad,200
Nari,Chevers,200
Ralina,Hankin,200
Mitch,MacEllen,200
Bathsheba,Waker,429
Leanna,Burwood,200
Chantal,McCane,200
Blinni,Boughey,200
Gareth,Shovel,200
Georgina,Westcot,200
Cybill,Lantaff,200
Meir,Avramov,200
Shayna,Rappa,200
Franky,Boobier,200
Aubert,Thornally,429
Horacio,Bremmell,200
Mac,Warrillow,200
Merrile,Bomb,200
Sunny,Corhard,200
Zita,Duiguid,200
Kristos,Gilhooley,200
Lucretia,Ianno,200
Urban,Whitlow,200
Harold,Rhubottom,200
Catharina,Banville,429
Clerc,Walework,200
Randi,Tonbye,429
Louie,Crosscombe,429
Arch,Shortell,429
Leigh,Privost,429
Nicola,Oakenfall,429
Ira,Gresham,429
Shandie,Slee,429
Archambault,Oscroft,429
Myrwyn,Kiledal,429
Roderich,Hazeup,429
Patrice,Stadden,429
Templeton,Foulis,429
Marsha,Tulloch,429
Tyrus,Clampin,429
Rheta,Crownshaw,429
Georgy,Nutkin,429
Jakob,Attwoull,429
Lilla,Sackes,429
Charmine,Tremmil,429
Robinett,Hradsky,429
Daniel,Duthy,429
Daveen,D'Errico,429
Jaquelyn,Fer,429
Hilary,Marcroft,429
Kippar,Butner,429
Rachele,Bissett,429
Bran,Robbey,429
Killian,Braunfeld,429
Trudi,Asple,429
Anallise,Edgerly,429
Brant,Benezeit,429
Moishe,Pridham,429
Shawn,Ishaki,429
Ranee,Aartsen,429
Monroe,Veevers,429
Enriqueta,Costi,429
Sorcha,Alcock,429
Frans,Sellner,429
Annabela,Cadore,429
Maribelle,Ledington,429
Tyrus,Alvaro,429
Kariotta,Gothliff,429
Dre,Willey,429
Steffane,Silburn,429
Olga,Klimowicz,429
Edward,Heater,429
Felisha,Garn,429
Maryrose,Dicky,429
Connie,Wayon,429
Kettie,Lewisham,429
Svend,Hackwell,429
Klaus,Lowson,429
Bron,Schneider,429
Lucilia,Agate,429
Luella,Backshaw,429
Elianore,Tremmel,429
Osbert,Veregan,429
Sheena,Fruchter,429
Byron,Butchard,429
Luciano,Eltringham,429
Gustavo,Skpsey,429
Beverlee,Sandaver,429
Jan,Gisburn,429
Ive,Deller,429
Rockwell,Toft,429
Lily,Josifovitz,429
Chen,Tabor,429
Berte,Tibbs,429
Wynn,Littleover,429
Olga,Fynes,429
Waylin,Rainford,429
Aksel,Glanfield,429
Maryanne,Rothschild,429
Ivor,Miall,429
Veronique,Perrycost,429
Nathanial,Capstake,429
Obadiah,Halley,429
Wald,Golling,429
Gannon,Shaddock,429
Michel,Peers,429
Darb,Lippi,429
Joelly,Fleckness,429
Alfi,Kemster,429
Omar,McIlwraith,429
Mannie,Greenhaugh,429
Hogan,O'Lahy,429
Con,Bascombe,429
Claudetta,Hallowes,429
Gordon,Greser,429
Adolpho,Purveys,429
Catherina,Malicki,429
Lolita,Abbs,429
Crysta,Kobierski,429
Caryl,Bardnam,429
Karyn,Ather,429
Chan,Freyn,429
Sonni,Gyves,429
Rand,Petrillo,429
Abram,McGlew,429
Cly,Durnan,429
Bertram,Albrooke,429
Florian,Tuckie,429
Gav,Pippin,429
Rance,Traill,429
Winfield,Brugger,429
Elly,Trazzi,429
Marget,Onn,429
Hillie,Jessup,429
Sergei,Piris,429
Pietra,Ridett,429
Richy,Ganter,429
Kameko,Bulluck,429
Kacy,Tomsett,429
Ardra,Huie,429
Clayborn,Bentjens,429
Marybelle,Kloska,429
Irma,Klesse,429
Aldric,Bromont,429
Betty,Craighall,429
Ruggiero,Twidell,429
Kalila,Metzke,429
Torrence,Guillard,429
Mirabelle,Bonder,429
Edgardo,Guillou,429
Flinn,Connerly,429
Faber,Salmond,429
Mercy,Fairburne,429
Ana,Ruthven,429
Maitilde,Heustice,429
Carol-jean,Pedder,429
Padgett,Fanner,429
Courtnay,Reuter,429
Fredia,Pettiward,429
Briana,Bebbell,429
Emily,Leonarde,429
Hephzibah,Littrell,429
Shirlee,Tansley,429
Krissy,Bockmann,429
Ree,Trattles,200
Syd,Saddler,429
Francklin,Barenskie,429
Brooks,Headington,429
Sascha,Cornfoot,429
Leonora,Sibille,429
Otes,Hammonds,429
Antonio,Leachman,429
Rea,Saunder,429
Bertine,Ridewood,429
Ginger,Schelle,200
Corine,Bolletti,429
Torry,Seagar,429
Xymenes,Mamwell,429
Zeb,Tewes,429
Libbi,Kyttor,429
Zaneta,Yorke,429
Meredith,Staines,429
Kinny,Reckhouse,429
Marget,Wilmot,429
Grata,Bansal,200
Sibylla,McRavey,429
Tandie,Greneham,200
Elmira,Penhale,200
Ruthi,Norssister,200
Franklin,McDiarmid,200
Chiquia,Waith,200
Griffin,Cornford,200
Pietrek,Dedham,200
Ninon,Phittiplace,200
Kiah,Meedendorpe,200
Caryl,Hryncewicz,200
Alena,Malthus,200
Rebecka,Balding,200
Lilah,Rentz,200
Joy,Bellany,200
Wildon,Plewes,200
Bennie,Godfrey,200
Meggi,Stoffel,200
Karol,Ellerby,200
Joann,Aspel,200
Sibylla,Buckoke,200
Georgetta,Iacomini,200
Mozes,Edlyne,200
Wrennie,Bateman,200
Waverly,Grosvener,200
Web,Nials,200
Pauly,Mityushkin,200
Alisa,Gaither,200
Celestyn,Strover,200
Murdock,Aiston,200
Ulla,Rocks,200
Rafaello,Rouchy,200
Tonye,Corley,200
Cathlene,Caw,200
Corrie,enzley,200
Napoleon,Lugton,200
Essy,Reisk,200
Rey,Flood,200
Demetria,Sedgwick,200
Rheta,Salvage,200
Emmett,Challice,200
Dix,Calderhead,200
Vania,Craythorn,200
Myra,Pirouet,200
Anatol,Kinze,200
Isidore,Bezants,200
Saree,Bolletti,200
Salim,Lelievre,200
Culley,Malyon,200
Baxie,Licciardi,200
Sig,Longworthy,200
Any,Comford,200
Devonna,Benedek,200
Burton,Whorton,200
Sig,Wilshin,200
Rhoda,Dawkins,200
Alene,Fisher,200
Elie,Missen,200
Emmi,Widocks,200
Jana,Jessett,200
Wilbert,Rakes,200
Genvieve,Bisco,200
Jany,Meaney,200
Mair,Fernihough,200
Tove,Bonehill,200
Hyacinthia,Sturney,200
Rowland,Slad,200
Alonzo,Persent,200
Linc,Godridge,200
Rabbi,Cammocke,200
Selene,Corness,200
Payton,Hedan,200
Giorgia,Baldry,200
Connie,Mattacks,200
Quill,Davidovicz,200
Vi,Galbraeth,200
Clementia,Barwick,200
Adore,Gartell,200
Milicent,Cullerne,200
Pippa,Cousin,200
Marin,Pauer,200
Gabi,Downse,200
Chad,Freer,200
Kelsi,Smalecombe,200
Larissa,Rubes,200
Octavia,Oag,200
Efrem,Hawtrey,429
Rod,MacCombe,429
Neilla,Snalum,429
Justis,Stanistreet,429
Krishnah,Allibon,200
Nata,Ruspine,200
Antoinette,Pharro,200
Karilynn,Vousden,200
Thaxter,Sisnett,429
Bibbie,Few,429
Hilly,Saich,429
Dulcia,McIlheran,429
Maje,Astles,429
Goddard,Cuttell,429
Eleanor,Askie,200
Abigael,Hoodless,200
Cordy,Randalson,200
Percival,Cello,200
Clarissa,Stansbie,429
Wallis,Gregoletti,429
Winfield,Licence,429
Lou,De Winton,429
Natale,Rodway,429
Kristina,Woodrow,429
Jackelyn,Vondruska,200
Roxana,Aish,200
Rubetta,Aireton,200
Eugenio,Aymeric,200
Doralynn,Yushin,429
Ole,Caesman,429
Rina,Vawton,429
Parsifal,Jellett,429
Marjory,Josifovic,429
Jourdan,Liddle,429
Eberhard,Brough,429
Jakob,Hanscomb,429
Charlotta,Romanin,429
Jourdain,Soltan,429
Job,Adrien,429
Peder,Allenson,429
Orella,Housego,429
Ethan,McKeeman,429
Domeniga,Mancell,429
Padgett,Brudenell,429
Dedra,Bickardike,429
Florinda,Denacamp,429
Mal,Ousbie,429
Julina,Troughton,429
Donall,Campo,429
Sophronia,Mallinson,429
Dion,Craddock,429
Shirline,Bramley,429
Nicol,Lockhart,429
Ruthanne,Pleven,429
Gilbertine,Linney,429
Codi,Varley,429
Elinore,Bavage,429
Clo,Naismith,429
Gherardo,Gatecliff,429
Dermot,Adamowitz,429
Monroe,Stit,429
Kimbra,Figurski,429
Niven,Annes,429
Alfy,Gissing,429
Llywellyn,Melia,429
Maure,Shankland,429
Rikki,Sainthill,429
Faustine,Mattingly,429
Daisie,Hullot,429
Adrien,O'Keefe,429
Janna,MacNockater,429
Rozele,Eouzan,429
Jodi,Trowel,429
Barclay,Branca,429
Horatio,McEvay,429
Rosanna,O'Gormally,429
Wenonah,Pree,429
Grange,Gate,429
Pace,Ragot,429
Merridie,Chessell,429
Conchita,Espinho,429
Cassaundra,Spier,429
Dareen,Winn,429
Chic,Echalie,429
Pamelina,Talks,429
Vladimir,Bremen,429
Moore,Keemer,429
Isabelita,Hauger,429
Ellis,McTrustie,429
Chrissie,Scawton,429
Beverley,Neesham,429
Verge,Buxsey,429
Edd,Bartalin,429
Alessandra,Withey,429
Diarmid,Gras,429
Marylou,Aneley,429
Beverlie,Achrameev,429
Hansiain,Danielsson,429
Emerson,Orrin,429
Aura,Danilovitch,429
Umeko,Hudleston,429
Maggi,Chippendale,429
Butch,Rubenfeld,429
Tobey,Desborough,429
Tally,Ruse,429
Esme,Fliege,429
Vallie,Tassaker,429
Anett,Hedger,429
Hestia,Casine,429
Gabie,Dungee,429
Brandon,Rawdall,429
Lisle,Olliar,429
Hiram,Reen,429
Brnaba,Chazerand,429
Shaine,Svanini,429
Samuel,Cescot,429
Jethro,Wildish,429
Brianne,Ellerman,429
Ragnar,Davidoff,429
Judd,Frackiewicz,429
Monte,Stuckley,429
Sean,Roskrug,429
Jacki,Loyns,429
Van,Bau,429
Salvidor,Schubuser,429
Aili,Curmi,429
Mohandas,Collis,429
Dallas,Ateggart,429
Conrad,Muscott,429
Amitie,Woodworth,429
Pandora,Guilloton,429
Hardy,Prati,429
Kirk,Koppes,429
Ginny,Vankov,429
Rory,Orton,429
Timmie,Cheasman,429
Bailie,Eastmond,429
Felipa,Barker,429
Isak,Bywaters,429
Carlin,Smallsman,429
Thacher,Uglow,429
Skylar,Reinisch,429
Chandal,Guilbert,429
Chase,Oakland,429
Roland,Rubinshtein,429
Tabbatha,Sirrell,429
Veda,Kennington,429
Brantley,Doige,429
Yuri,Mandifield,429
Maurie,Ciccetti,429
Marnia,Simonini,429
Quinton,Lawrenceson,429
Happy,Tattershall,429
Therine,Housegoe,429
Dagny,Cardon,429
Gweneth,Labbez,429
Khalil,Keneforde,429
Hillier,Cella,429
Rubetta,McKeowon,429
Olivette,Fransseni,429
Maitilde,Sacase,429
Alexia,Darcy,200
Alleen,Aldridge,200
Aeriela,Randles,200
Norton,Geard,429
Keene,Boon,429
Zsazsa,Geggie,429
Brooke,Matzke,429
Julie,Royste,429
Corbie,Noke,200
Nonah,Ryland,200
Tasha,Saffin,200
Brynna,Diben,200
Ernaline,Comolli,200
Kati,Boulder,429
Maggee,Hunnaball,429
Jonis,Trowell,429
Jehanna,Vint,429
Kaycee,Krook,429
Ulberto,Gwin,200
Trumaine,Franzotto,200
Winnifred,Raspel,200
Ladonna,Agglio,200
Jonie,Greally,200
Ray,Pascall,429
Shandy,Le Barr,429
Rosana,Spadaro,429
Dennis,Shawell,429
Devondra,Rosenthal,429
Montague,Bleackley,200
Seth,Kliemchen,200
Aubry,Eim,200
Leupold,Platt,200
Lombard,Streets,200
Pooh,Jori,200
Meier,Morgan,200
Cherise,Roback,200
Odille,Groarty,200
Eolande,Tommis,200
Wittie,Handrek,200
Justin,Whatham,200
Sibby,Sarjent,200
Tiffany,Frondt,200
Foster,Ranklin,200
Lombard,Kebbell,200
Damaris,Saiger,200
Rufe,Bilbery,200
Cosme,Alan,200
Armstrong,Buckenhill,200
Christi,Warsap,200
Margi,Walsh,200
Georgianne,Halladay,200
Averell,Sutherington,200
Carlene,Ruddy,200
Margaretha,Dunlop,200
Corby,Wince,200
Elia,Newdick,200
Waite,McFadden,200
Salvador,Orum,200
Ira,Lewsley,200
Aleda,Rive,200
Chrissy,Molesworth,200
Tasia,Eckery,200
Windy,Jouaneton,200
Yuri,Lodevick,200
Inez,Mandres,200
Prentice,Streeter,200
Truman,Danielli,200
Wylma,Farman,200
Brandea,Lacoste,200
Tanya,Broadbere,200
Stavro,Donaldson,200
Peirce,Frankum,200
Bambi,Keeley,200
Sadella,Buntain,200
Lombard,Jelphs,200
Mohandis,Westover,200
Winny,Meenehan,200
Yasmeen,Bartel,200
Loraine,Katte,200
Alvin,Farries,200
Silvia,Mazzilli,200
Arabelle,Dury,200
Babara,Headly,200
Ashli,Keaveney,200
Lenci,Murdy,200
Felizio,Klyn,200
Priscella,Twede,200
Peggy,Bosnell,200
Lorianne,McNirlan,200
Louis,Burnyeat,200
Hort,Banke,200
Todd,Frankling,200
Artair,Pallis,200
Rochelle,Creeboe,200
Philbert,Pickering,200
Corey,Severy,200
Carmita,Enos,200
Hale,Winskill,200
Sisely,Paris,200
Birgitta,Tournie,200
Harper,Baxstare,200
Deedee,Biggins,200
Wallas,Spurdens,200
Myrlene,Cogley,200
Carlyn,Geroldini,200
Amargo,Cheatle,200
Chandra,Hawney,200
Jens,Mannock,200
Ennis,Staneland,200
Shani,Astley,200
Trish,Pinfold,200
Susannah,Strangwood,200
Justino,McKeney,200
Milton,Egan,200
Katrine,Troop,429
Marcella,Pankethman,429
Ferdie,Wipfler,429
Ransom,Gianilli,429
Emelen,Fanner,429
Christel,Franey,429
Elaine,Collymore,429
Ella,Fitchett,429
Lyda,Bessey,429
Wat,Lippini,200
Selena,Merrington,429
Gaspar,Garton,429
Kandace,Shalloe,429
Vanda,Peartree,429
Carmelle,Bawdon,429
Raviv,Liverseege,429
Paton,Medlin,429
Janet,Tomasello,429
Jaimie,Waggatt,429
Haroun,Millier,429
Perice,Pentony,429
Starr,Feild,429
Fancy,Soall,429
Sapphire,Picker,429
Win,Wraight,429
Clerissa,McGilbon,429
Francesca,Jacobson,429
Shaylah,Trammel,429
Linnea,Batalini,429
Yevette,Skeats,429
Abbey,Huggard,429
Bartlett,Mawman,429
Amelita,Nyland,429
Gal,Maciunas,429
Gil,Bazeley,429
Margette,Harly,429
Shandeigh,Strelitzer,429
Paco,Webburn,429
Farlee,Clemo,429
Vina,Enderby,429
Olivier,Doyland,429
Adore,Spratt,429
Aurea,Wodeland,429
Derril,Pattlel,429
Suzy,Herreran,429
Alisander,Laffling,429
Matthias,Cissen,429
Skylar,Wibrew,429
Jermaine,Birney,429
Cheslie,Gunnell,429
Leupold,Bouzek,429
Dela,Rudram,429
Aggy,Cobley,429
Stefano,Dowdell,429
Bernardine,Tanton,429
Thomasin,Burgott,429
Russell,Baud,429
Dame,Lippett,429
Lorry,Eton,429
Mariann,Barks,429
Gordie,Montel,429
Dory,Percy,429
Kore,Santry,429
Aldus,Fortin,429
Bowie,Garrould,429
Gunner,Shayes,429
Juliet,De Zamudio,429
Elsi,Philpotts,429
Homerus,Zaple,429
Aleece,Boskell,429
Agneta,Billitteri,429
Deck,Anthon,429
Sosanna,Ockland,429
Aida,Crutchley,429
Cally,Blaszczyk,429
Antonino,Caselick,429
Maryrose,MacTrustrie,429
Dalt,Neno,429
Duke,Mordecai,429
Crichton,Rigglesford,429
Langsdon,Crocker,429
Con,Duberry,429
Tymothy,Donn,429
Farrand,Bleakley,429
Fidelia,Angove,429
Anders,Bowe,429
Madelin,Guly,429
Merrilee,Hilling,429
Phyllida,Frostdicke,429
Andie,Dinnage,429
Ninette,Fayne,429
Meir,Simants,429
Bennett,Penketh,429
Katrinka,Burry,429
Wallis,Paula,429
Paola,Dalgarno,429
Joby,Bagniuk,429
Francklyn,Huttley,429
Alecia,Simonnot,429
Michaeline,Caldera,429
Sapphire,Chaffyn,429
Zach,Bettesworth,429
Sibley,Gillard,429
Reggis,Shale,429
Lisle,Ewell,429
Kirstyn,Whitmell,429
Davis,Bennit,429
Grayce,Zoellner,429
Dee dee,Burney,429
Bonny,Mackley,429
Harley,Verbeke,429
Melisandra,Sapshed,429
Berti,Fragino,429
Tynan,Winsbury,429
Eda,Planks,429
Maryrose,Rounding,429
Paula,Renner,429
Celia,Matchett,429
Leslie,Ludovico,429
Florida,Rraundl,429
Mervin,Cossentine,429
Cyndy,Cogzell,429
Rosalind,Biswell,429
Evin,Edgeworth,429
Murdoch,Harmstone,429
Rasla,Clement,429
Bartholomew,Bruyett,429
Ramona,Tenney,429
Guinna,Ulyat,429
Lindsay,Sinton,429
Sarene,Costanza,429
Adan,Kix,429
Winny,Drowsfield,429
Myriam,Jewess,429
Orson,Skinn,429
Osbourn,Macci,429
Wendye,McErlaine,429
Maurise,O'Towey,200
Hester,Heindrick,200
Mildrid,Dallan,429
Thomasa,Parkin,429
Ernaline,Vegas,429
Thaddeus,Sapsforde,429
Graehme,Shalliker,429
Vidovic,Dwight,429
Bastien,Burgoine,429
Giles,Carmont,429
Friedrich,Charte,429
Shelley,Blowen,200
Lela,Abrahamian,429
Lanie,Allwright,429
Shem,Tomik,429
Natasha,Marcroft,429
Lance,Renol,429
Saba,Freegard,429
Calida,Riepl,429
Delly,Ching,200
Mariel,Dominetti,200
Ingamar,MacAlpyne,200
Antons,Coate,200
Darcey,Brattell,200
Berti,Kleimt,200
Coop,Gabites,200
Caren,Plevey,200
Cecilla,Ianitti,200
Lauree,Le Gassick,200
Drusi,Muckart,200
Trstram,Boshard,200
Tanney,Ornillos,200
Jemmy,Shadfourth,200
Starlin,Seide,200
Tawnya,Rosie,200
Oates,Lille,200
Ali,Goudge,200
Cinda,Kenright,200
Dodie,Lackemann,200
Durand,Bradnock,200
Lianne,Scampion,200
Antonin,Tovey,200
Sherrie,Ivanisov,200
Whitney,Lanigan,200
Davide,Vallerine,200
Morgana,Thrift,200
Katerine,Scullion,200
Bryce,Deener,200
Maurise,Leason,200
Lyndy,Ivanonko,200
Ruthann,Hullbrook,200
Joletta,Tytcomb,200
Hayden,Olyunin,200
Florence,Ferriday,200
Kristopher,Frediani,200
Ruth,Hryniewicz,200
Granger,Gridley,200
Catrina,Millwater,200
Mala,Gomez,200
Hetti,Klimontovich,200
Randall,McBain,200
Lorianna,Van Niekerk,200
Gerianna,Ahren,200
Ferguson,Burnhard,200
Seumas,De Bruijn,200
Olivie,Corris,200
Allen,Igoe,200
Cindelyn,Matzkaitis,200
Saba,Withrop,200
Noelle,Olerenshaw,200
Thain,Guiraud,200
Sisile,Cordova,200
Evonne,Aspinell,200
Lynn,Wilber,200
Dorolisa,Kinsett,200
Kelley,Merit,200
Jocelyne,Lewisham,200
Georg,Fitter,200
Ralph,Chedgey,200
Jere,Pencost,200
Alyce,Eggerton,200
Reed,Matantsev,200
Benoite,Steffans,200
Hedi,Attiwill,200
Sarita,Walesa,200
Berne,Kasting,200
Scarlet,Bowller,200
Joni,Gomez,200
Jeralee,Joicey,200
Liuka,Stoaks,200
Merrilee,Torrijos,200
Rena,Ferencz,200
Rowney,Croxall,200
Jefferey,Peschka,200
Eyde,Bickerstasse,200
Jehu,Vivash,200
Hilly,Semper,200
Brock,Dearlove,200
Davin,Cavanaugh,200
Cindy,Talbot,200
Ellie,Skewes,200
Lissi,Book,200
Joey,Stearn,200
Robbert,Pleven,200
Mickey,Astridge,200
Cam,Welbourn,200
Gayleen,De Souza,429
Sibelle,Beautyman,429
Ambrosio,Morit,429
Elvis,Hollows,429
Alicia,Stirling,429
Carlita,Meiningen,429
Jessamyn,Goodnow,200
Romonda,Daudray,200
Odille,Gault,200
Laurella,Cleland,200
Leda,Olivet,429
Che,Papis,429
Felicle,Few,429
Aron,Sedge,429
Renata,O'Fallon,429
Tressa,Battye,429
Nathanil,Monteith,200
Codee,Prestidge,200
Powell,Aspole,200
Evey,Shale,429
Cassie,Spaven,429
Mirella,Coots,429
Welsh,Edleston,429
Maryl,Branford,429
Charley,Millis,429
Joanne,Wolverson,429
Caria,Horsefield,200
Woody,Caffrey,200
Myrwyn,Cuerdall,200
William,O' Sullivan,429
Wayland,Bourton,429
Baxy,Aleksashin,429
Faunie,Sheering,429
Nellie,Haslum,429
Nathalia,Raddin,429
Conchita,Birt,429
Anthia,O'Skehan,429
Dotti,Marsie,429
Eolanda,Kiossel,429
Luci,Havis,429
Claudie,Canto,429
Davin,Rapley,429
Hartwell,Keigher,429
Arlen,Vispo,429
Giffie,Picardo,429
Payton,Ledur,429
Ketti,Merricks,429
Maddy,Kiehne,429
Broddy,Corkel,429
Guglielma,Cropper,429
Ulrich,Dursley,429
Paco,Bowcock,429
Bernette,Greste,429
Evin,Kuschke,429
Torie,Comben,429
Myrtie,Canning,429
Bernette,Desvignes,429
Adey,Jermyn,429
Joe,Gwillyam,429
Patricio,Davidovic,429
Arleen,Pontain,429
Jenni,Doberer,429
Eveleen,Buncher,429
Waldemar,Oslar,429
Mikaela,Morrel,429
Pryce,Petrik,429
Odessa,Johncey,429
Tanitansy,Drakeford,429
Queenie,Pieracci,429
Ervin,Casbon,429
Mendy,Bourthouloume,429
Martica,Halvosen,429
Antonietta,Taaffe,429
Kim,Lapworth,429
Dave,Milmoe,429
Marcellus,Zottoli,429
